idx,T1w,T2w,FLAIR,DWI
MSS3_MSS3_ED_001,allowed,allowed,allowed,allowed
MSS3_MSS3_ED_002,allowed,allowed,allowed,allowed
MSS3_MSS3_ED_003,allowed,allowed,allowed,allowed
MSS3_MSS3_ED_004,allowed,allowed,allowed,allowed
MSS3_MSS3_ED_005,allowed,allowed,allowed,allowed
MSS3_MSS3_ED_006,allowed,allowed,allowed,allowed
MSS3_MSS3_ED_007,allowed,allowed,allowed,allowed
MSS3_MSS3_ED_008,allowed,allowed,allowed,allowed
MSS3_MSS3_ED_009,allowed,allowed,allowed,allowed
MSS3_MSS3_ED_010,allowed,allowed,allowed,allowed
MSS3_MSS3_ED_012,allowed,allowed,allowed,allowed
MSS3_MSS3_ED_013,allowed,allowed,allowed,allowed
MSS3_MSS3_ED_014,allowed,allowed,allowed,allowed
MSS3_MSS3_ED_015,allowed,allowed,allowed,allowed
MSS3_MSS3_ED_016,allowed,allowed,allowed,allowed
MSS3_MSS3_ED_017,allowed,allowed,allowed,allowed
MSS3_MSS3_ED_018,allowed,allowed,allowed,allowed
MSS3_MSS3_ED_019,allowed,allowed,allowed,allowed
MSS3_MSS3_ED_020,allowed,allowed,allowed,allowed
MSS3_MSS3_ED_021,allowed,allowed,allowed,allowed
MSS3_MSS3_ED_022,allowed,allowed,allowed,allowed
MSS3_MSS3_ED_024,allowed,allowed,allowed,allowed
MSS3_MSS3_ED_025,allowed,allowed,allowed,allowed
MSS3_MSS3_ED_026,allowed,allowed,allowed,allowed
MSS3_MSS3_ED_027,allowed,allowed,allowed,allowed
MSS3_MSS3_ED_028,allowed,allowed,allowed,allowed
MSS3_MSS3_ED_029,allowed,allowed,allowed,allowed
MSS3_MSS3_ED_030,allowed,allowed,allowed,allowed
MSS3_MSS3_ED_031,allowed,allowed,allowed,allowed
MSS3_MSS3_ED_032,allowed,allowed,allowed,allowed
MSS3_MSS3_ED_033,allowed,allowed,allowed,allowed
MSS3_MSS3_ED_034,allowed,allowed,allowed,allowed
MSS3_MSS3_ED_035,allowed,allowed,allowed,allowed
MSS3_MSS3_ED_036,allowed,allowed,allowed,allowed
MSS3_MSS3_ED_037,allowed,allowed,allowed,allowed
MSS3_MSS3_ED_038,allowed,allowed,allowed,allowed
MSS3_MSS3_ED_039,allowed,allowed,allowed,allowed
MSS3_MSS3_ED_040,allowed,allowed,allowed,allowed
MSS3_MSS3_ED_041,allowed,allowed,allowed,allowed
MSS3_MSS3_ED_042,allowed,allowed,allowed,allowed
MSS3_MSS3_ED_043,allowed,allowed,allowed,allowed
MSS3_MSS3_ED_044,allowed,allowed,allowed,allowed
MSS3_MSS3_ED_046,allowed,allowed,allowed,allowed
MSS3_MSS3_ED_047,allowed,allowed,allowed,allowed
MSS3_MSS3_ED_048,allowed,allowed,allowed,allowed
MSS3_MSS3_ED_049,allowed,allowed,allowed,allowed
MSS3_MSS3_ED_050,allowed,allowed,allowed,allowed
MSS3_MSS3_ED_051,allowed,allowed,allowed,allowed
MSS3_MSS3_ED_052,allowed,allowed,allowed,allowed
MSS3_MSS3_ED_053,allowed,allowed,allowed,allowed
MSS3_MSS3_ED_054,allowed,allowed,allowed,allowed
MSS3_MSS3_ED_056,allowed,allowed,allowed,allowed
MSS3_MSS3_ED_057,allowed,allowed,allowed,allowed
MSS3_MSS3_ED_058,allowed,allowed,allowed,allowed
MSS3_MSS3_ED_059,allowed,allowed,allowed,allowed
MSS3_MSS3_ED_060,allowed,allowed,allowed,allowed
MSS3_MSS3_ED_061,allowed,allowed,allowed,allowed
MSS3_MSS3_ED_062,allowed,allowed,allowed,allowed
MSS3_MSS3_ED_063,allowed,allowed,allowed,allowed
MSS3_MSS3_ED_064,allowed,allowed,allowed,allowed
MSS3_MSS3_ED_065,allowed,allowed,allowed,allowed
MSS3_MSS3_ED_066,allowed,allowed,allowed,allowed
MSS3_MSS3_ED_067,allowed,allowed,allowed,allowed
MSS3_MSS3_ED_068,allowed,allowed,allowed,allowed
MSS3_MSS3_ED_069,allowed,allowed,allowed,allowed
MSS3_MSS3_ED_070,allowed,allowed,allowed,allowed
MSS3_MSS3_ED_071,allowed,allowed,allowed,allowed
MSS3_MSS3_ED_072,allowed,allowed,allowed,allowed
MSS3_MSS3_ED_073,allowed,allowed,allowed,allowed
MSS3_MSS3_ED_074,allowed,allowed,allowed,allowed
MSS3_MSS3_ED_075,allowed,allowed,allowed,allowed
MSS3_MSS3_ED_076,allowed,allowed,allowed,allowed
MSS3_MSS3_ED_077,allowed,allowed,allowed,allowed
MSS3_MSS3_ED_078,allowed,allowed,allowed,allowed
MSS3_MSS3_ED_079,allowed,allowed,allowed,allowed
MSS3_MSS3_ED_080,allowed,allowed,allowed,allowed
MSS3_MSS3_ED_081,allowed,allowed,allowed,allowed
MSS3_MSS3_ED_082,allowed,allowed,allowed,allowed
MSS3_MSS3_ED_083,allowed,allowed,allowed,allowed
MSS3_MSS3_ED_084,allowed,allowed,allowed,allowed
MSS3_MSS3_ED_085,allowed,allowed,allowed,allowed
MSS3_MSS3_ED_086,allowed,allowed,allowed,allowed
MSS3_MSS3_ED_087,allowed,allowed,allowed,allowed
MSS3_MSS3_ED_088,allowed,allowed,allowed,allowed
MSS3_MSS3_ED_089,allowed,allowed,allowed,allowed
MSS3_MSS3_ED_090,allowed,allowed,allowed,allowed
MSS3_MSS3_ED_091,allowed,allowed,allowed,allowed
MSS3_MSS3_ED_092,allowed,allowed,allowed,allowed
MSS3_MSS3_ED_093,allowed,allowed,allowed,allowed
MSS3_MSS3_ED_094,allowed,allowed,allowed,allowed
MSS3_MSS3_ED_095,allowed,allowed,allowed,allowed
MSS3_MSS3_ED_096,allowed,allowed,allowed,allowed
MSS3_MSS3_ED_097,allowed,allowed,allowed,allowed
MSS3_MSS3_ED_098,allowed,allowed,allowed,allowed
MSS3_MSS3_ED_099,allowed,allowed,allowed,allowed
MSS3_MSS3_ED_100,allowed,allowed,allowed,allowed
MSS3_MSS3_ED_101,allowed,allowed,allowed,allowed
MSS3_MSS3_ED_102,allowed,allowed,allowed,allowed
MSS3_MSS3_ED_103,allowed,allowed,allowed,allowed
MSS3_MSS3_ED_104,allowed,allowed,allowed,allowed
MSS3_MSS3_ED_105,allowed,allowed,allowed,allowed
MSS3_MSS3_ED_106,allowed,allowed,allowed,allowed
MSS3_MSS3_ED_107,allowed,allowed,allowed,allowed
MSS3_MSS3_ED_108,allowed,allowed,allowed,allowed
MSS3_MSS3_ED_109,allowed,allowed,allowed,allowed
MSS3_MSS3_ED_110,allowed,allowed,allowed,allowed
MSS3_MSS3_ED_111,allowed,allowed,allowed,allowed
MSS3_MSS3_ED_112,allowed,allowed,allowed,allowed
MSS3_MSS3_ED_113,allowed,allowed,allowed,allowed
MSS3_MSS3_ED_114,allowed,allowed,allowed,allowed
MSS3_MSS3_ED_115,allowed,allowed,allowed,allowed
MSS3_MSS3_ED_116,allowed,allowed,allowed,allowed
MSS3_MSS3_ED_117,allowed,allowed,allowed,allowed
MSS3_MSS3_ED_118,allowed,allowed,allowed,allowed
MSS3_MSS3_ED_119,allowed,allowed,allowed,allowed
MSS3_MSS3_ED_120,allowed,allowed,allowed,allowed
MSS3_MSS3_ED_121,allowed,allowed,allowed,allowed
MSS3_MSS3_ED_122,allowed,allowed,allowed,allowed
MSS3_MSS3_ED_123,allowed,allowed,allowed,allowed
MSS3_MSS3_ED_124,allowed,allowed,allowed,allowed
MSS3_MSS3_ED_125,allowed,allowed,allowed,allowed
MSS3_MSS3_ED_126,allowed,allowed,allowed,allowed
MSS3_MSS3_ED_127,allowed,allowed,allowed,allowed
MSS3_MSS3_ED_128,allowed,allowed,allowed,allowed
MSS3_MSS3_ED_129,allowed,allowed,allowed,allowed
MSS3_MSS3_ED_130,allowed,allowed,allowed,allowed
MSS3_MSS3_ED_131,allowed,allowed,allowed,allowed
MSS3_MSS3_ED_132,allowed,allowed,allowed,allowed
MSS3_MSS3_ED_133,allowed,allowed,allowed,allowed
MSS3_MSS3_ED_134,allowed,allowed,allowed,allowed
MSS3_MSS3_ED_135,allowed,allowed,allowed,allowed
MSS3_MSS3_ED_136,allowed,allowed,allowed,allowed
MSS3_MSS3_ED_137,allowed,allowed,allowed,allowed
MSS3_MSS3_ED_138,allowed,allowed,allowed,allowed
MSS3_MSS3_ED_139,allowed,allowed,allowed,allowed
MSS3_MSS3_ED_140,allowed,allowed,allowed,allowed
MSS3_MSS3_ED_141,allowed,allowed,allowed,allowed
MSS3_MSS3_ED_142,allowed,allowed,allowed,allowed
MSS3_MSS3_ED_143,allowed,allowed,allowed,allowed
MSS3_MSS3_ED_144,allowed,allowed,allowed,allowed
MSS3_MSS3_ED_145,allowed,allowed,allowed,allowed
MSS3_MSS3_ED_146,allowed,allowed,allowed,allowed
MSS3_MSS3_ED_147,allowed,allowed,allowed,allowed
MSS3_MSS3_ED_148,allowed,allowed,allowed,allowed
MSS3_MSS3_ED_149,allowed,allowed,allowed,allowed
MSS3_MSS3_ED_150,allowed,allowed,allowed,allowed
MSS3_MSS3_ED_151,allowed,allowed,allowed,allowed
MSS3_MSS3_ED_152,allowed,allowed,allowed,allowed
MSS3_MSS3_ED_153,allowed,allowed,allowed,allowed
MSS3_MSS3_ED_154,allowed,allowed,allowed,allowed
MSS3_MSS3_ED_155,allowed,allowed,allowed,allowed
MSS3_MSS3_ED_156,allowed,allowed,allowed,allowed
MSS3_MSS3_ED_157,allowed,allowed,allowed,allowed
MSS3_MSS3_ED_158,allowed,allowed,allowed,allowed
MSS3_MSS3_ED_159,allowed,allowed,allowed,allowed
MSS3_MSS3_ED_160,allowed,allowed,allowed,allowed
MSS3_MSS3_ED_161,allowed,allowed,allowed,allowed
MSS3_MSS3_ED_162,allowed,allowed,allowed,allowed
MSS3_MSS3_ED_163,allowed,allowed,allowed,allowed
MSS3_MSS3_ED_164,allowed,allowed,allowed,allowed
MSS3_MSS3_ED_165,allowed,allowed,allowed,allowed
MSS3_MSS3_ED_166,allowed,allowed,allowed,allowed
MSS3_MSS3_ED_167,allowed,allowed,allowed,allowed
MSS3_MSS3_ED_168,allowed,allowed,allowed,allowed
MSS3_MSS3_ED_169,allowed,allowed,allowed,allowed
MSS3_MSS3_ED_170,allowed,allowed,allowed,allowed
MSS3_MSS3_ED_171,allowed,allowed,allowed,allowed
MSS3_MSS3_ED_172,allowed,allowed,allowed,allowed
MSS3_MSS3_ED_173,allowed,allowed,allowed,allowed
MSS3_MSS3_ED_174,allowed,allowed,allowed,allowed
MSS3_MSS3_ED_175,allowed,allowed,allowed,allowed
MSS3_MSS3_ED_176,allowed,allowed,allowed,allowed
MSS3_MSS3_ED_177,allowed,allowed,allowed,allowed
MSS3_MSS3_ED_178,allowed,allowed,allowed,allowed
MSS3_MSS3_ED_179,allowed,allowed,allowed,allowed
MSS3_MSS3_ED_180,allowed,allowed,allowed,allowed
MSS3_MSS3_ED_181,allowed,allowed,allowed,allowed
MSS3_MSS3_ED_182,allowed,allowed,allowed,allowed
MSS3_MSS3_ED_184,allowed,allowed,allowed,allowed
MSS3_MSS3_ED_185,allowed,allowed,allowed,allowed
MSS3_MSS3_ED_186,allowed,allowed,allowed,allowed
MSS3_MSS3_ED_187,allowed,allowed,allowed,allowed
MSS3_MSS3_ED_188,allowed,allowed,allowed,allowed
MSS3_MSS3_ED_189,allowed,allowed,allowed,allowed
MSS3_MSS3_ED_190,allowed,allowed,allowed,allowed
MSS3_MSS3_ED_191,allowed,allowed,allowed,allowed
MSS3_MSS3_ED_192,allowed,allowed,allowed,allowed
MSS3_MSS3_ED_193,allowed,allowed,allowed,allowed
MSS3_MSS3_ED_194,allowed,allowed,allowed,allowed
MSS3_MSS3_ED_195,allowed,allowed,allowed,allowed
MSS3_MSS3_ED_196,allowed,allowed,allowed,allowed
MSS3_MSS3_ED_197,allowed,allowed,allowed,allowed
MSS3_MSS3_ED_198,allowed,allowed,allowed,allowed
MSS3_MSS3_ED_200,allowed,allowed,allowed,allowed
MSS3_MSS3_ED_201,allowed,allowed,allowed,allowed
MSS3_MSS3_ED_202,allowed,allowed,allowed,allowed
MSS3_MSS3_ED_203,allowed,allowed,allowed,allowed
MSS3_MSS3_ED_204,allowed,allowed,allowed,allowed
MSS3_MSS3_ED_205,allowed,allowed,allowed,allowed
MSS3_MSS3_ED_206,allowed,allowed,allowed,allowed
MSS3_MSS3_ED_207,allowed,allowed,allowed,allowed
MSS3_MSS3_ED_208,allowed,allowed,allowed,allowed
MSS3_MSS3_ED_209,allowed,allowed,allowed,allowed
MSS3_MSS3_ED_210,allowed,allowed,allowed,allowed
MSS3_MSS3_ED_216,allowed,allowed,allowed,allowed
MSS3_MSS3_ED_217,allowed,allowed,allowed,allowed
