idx,T1w,T2w,FLAIR,DWI
MSS3_MSS3_ED_007,allowed,allowed,allowed,allowed
MSS3_MSS3_ED_030,allowed,allowed,allowed,allowed
MSS3_MSS3_ED_133,allowed,allowed,allowed,allowed
MSS3_MSS3_ED_204,allowed,allowed,allowed,allowed
MSS3_MSS3_ED_147,allowed,allowed,allowed,allowed
MSS3_MSS3_ED_005,allowed,allowed,allowed,allowed
MSS3_MSS3_ED_035,allowed,allowed,allowed,allowed
MSS3_MSS3_ED_116,allowed,allowed,allowed,allowed
MSS3_MSS3_ED_155,allowed,allowed,allowed,allowed
MSS3_MSS3_ED_122,allowed,allowed,allowed,allowed
MSS3_MSS3_ED_206,allowed,allowed,allowed,allowed
MSS3_MSS3_ED_040,disallowed,disallowed,disallowed,allowed
MSS3_MSS3_ED_162,disallowed,disallowed,disallowed,allowed
MSS3_MSS3_ED_201,disallowed,disallowed,disallowed,allowed
MSS3_MSS3_ED_002,disallowed,disallowed,disallowed,allowed
MSS3_MSS3_ED_057,disallowed,disallowed,disallowed,allowed
MSS3_MSS3_ED_154,disallowed,disallowed,disallowed,allowed
MSS3_MSS3_ED_135,disallowed,disallowed,disallowed,allowed
MSS3_MSS3_ED_156,disallowed,disallowed,disallowed,allowed
MSS3_MSS3_ED_108,disallowed,disallowed,disallowed,allowed
MSS3_MSS3_ED_104,disallowed,disallowed,disallowed,allowed
MSS3_MSS3_ED_121,disallowed,disallowed,disallowed,allowed
MSS3_MSS3_ED_092,disallowed,disallowed,disallowed,allowed
MSS3_MSS3_ED_079,disallowed,disallowed,disallowed,allowed
MSS3_MSS3_ED_126,disallowed,disallowed,disallowed,allowed
MSS3_MSS3_ED_217,disallowed,disallowed,disallowed,allowed
MSS3_MSS3_ED_022,disallowed,disallowed,disallowed,allowed
MSS3_MSS3_ED_194,disallowed,disallowed,disallowed,allowed
MSS3_MSS3_ED_076,disallowed,disallowed,disallowed,allowed
MSS3_MSS3_ED_111,disallowed,disallowed,disallowed,allowed
MSS3_MSS3_ED_016,disallowed,disallowed,disallowed,allowed
MSS3_MSS3_ED_097,disallowed,disallowed,disallowed,allowed
MSS3_MSS3_ED_185,disallowed,disallowed,disallowed,allowed
MSS3_MSS3_ED_107,disallowed,disallowed,disallowed,allowed
